{
    "AAPL": {
        "AAPL": 1.0,
        "MSFT": 0.9984225522077473,
        "GOOGL": 0.9648103101162925,
        "AMZN": 0.9803775876971184,
        "TSLA": 0.9958172349185987,
        "META": 0.9941181966720732,
        "NVDA": 0.9948421095897164,
        "JPM": 0.9957290873463406
    },
    "MSFT": {
        "AAPL": 0.9984225522077473,
        "MSFT": 1.0,
        "GOOGL": 0.967940980292434,
        "AMZN": 0.982163868323886,
        "TSLA": 0.9945954915511979,
        "META": 0.9926104366514876,
        "NVDA": 0.9914004946569945,
        "JPM": 0.9953149065913205
    },
    "GOOGL": {
        "AAPL": 0.9648103101162925,
        "MSFT": 0.967940980292434,
        "GOOGL": 1.0,
        "AMZN": 0.9906673444883721,
        "TSLA": 0.9653227081348991,
        "META": 0.9628891331217979,
        "NVDA": 0.9599970859009478,
        "JPM": 0.9586674462904297
    },
    "AMZN": {
        "AAPL": 0.9803775876971184,
        "MSFT": 0.982163868323886,
        "GOOGL": 0.9906673444883721,
        "AMZN": 1.0,
        "TSLA": 0.9824440269135547,
        "META": 0.9784256969914609,
        "NVDA": 0.9780634108848462,
        "JPM": 0.9732922904919442
    },
    "TSLA": {
        "AAPL": 0.9958172349185987,
        "MSFT": 0.9945954915511979,
        "GOOGL": 0.9653227081348991,
        "AMZN": 0.9824440269135547,
        "TSLA": 1.0,
        "META": 0.9990772330924956,
        "NVDA": 0.998764804300566,
        "JPM": 0.9887339938022844
    },
    "META": {
        "AAPL": 0.9941181966720732,
        "MSFT": 0.9926104366514876,
        "GOOGL": 0.9628891331217979,
        "AMZN": 0.9784256969914609,
        "TSLA": 0.9990772330924956,
        "META": 1.0,
        "NVDA": 0.998227165552764,
        "JPM": 0.9867294935227052
    },
    "NVDA": {
        "AAPL": 0.9948421095897164,
        "MSFT": 0.9914004946569945,
        "GOOGL": 0.9599970859009478,
        "AMZN": 0.9780634108848462,
        "TSLA": 0.998764804300566,
        "META": 0.998227165552764,
        "NVDA": 1.0,
        "JPM": 0.9871556096474992
    },
    "JPM": {
        "AAPL": 0.9957290873463406,
        "MSFT": 0.9953149065913205,
        "GOOGL": 0.9586674462904297,
        "AMZN": 0.9732922904919442,
        "TSLA": 0.9887339938022844,
        "META": 0.9867294935227052,
        "NVDA": 0.9871556096474992,
        "JPM": 1.0
    }
}